id,country,isocode,prefijo
1,Afghanistan,af,+93
2,"Åland Islands",ax,+00-02
3,Albania,al,+355
4,Algeria,dz,+213
5,"American Samoa",as,+684
6,Andorra,ad,+376
7,Angola,ao,+244
8,Anguilla,ai,+1-264
9,Antarctica,aq,+00-03
10,"Antigua and Barbuda",ag,+1-268
11,Argentina,ar,+54
12,Armenia,am,+374
13,Aruba,aw,+297
14,Australia,au,+61
15,Austria,at,+43
16,Azerbaijan,az,+994
17,Bahamas,bs,+1-242
18,Bahrain,bh,+973
19,Bangladesh,bd,+880
20,Barbados,bb,+1-246
21,Belarus,by,+375
22,Belgium,be,+32
23,Belize,bz,+501
24,Benin,bj,+229
25,Bermuda,bm,+1-441
26,Bhutan,bt,+975
27,Bolivia,bo,+591
28,"Bosnia and Herzegovina",ba,+387
29,Botswana,bw,+267
30,"Bouvet Island",bv,+00-06
31,Brazil,br,+55
32,"British Indian Ocean territory",io,+00-07
33,"Brunei Darussalam",bn,+673
34,Bulgaria,bg,+359
35,"Burkina Faso",bf,+226
36,Burundi,bi,+257
37,Cambodia,kh,+855
38,Cameroon,cm,+237
39,Canada,ca,+11
40,"Cape Verde",cv,+238
41,"Cayman Islands",ky,+1-345
42,"Central African Republic",cf,+236
43,Chad,td,+235
44,Chile,cl,+56
45,China,cn,+86
46,"Christmas Island",cx,+00-10
47,"Cocos (Keeling) Islands",cc,+00-09
48,Colombia,co,+57
49,Comoros,km,+269
50,Congo,cg,+242
51,"Congo Democratic Republic",cd,+243
52,"Cook Islands",ck,+682
53,"Costa Rica",cr,+506
54,"Côte d`Ivoire (Ivory Coast)",ci,+225
55,"Croatia (Hrvatska)",hr,+385
56,Cuba,cu,+53
57,Cyprus,cy,+357
58,"Czech Republic",cz,+420
59,Denmark,dk,+45
60,Djibouti,dj,+253
61,Dominica,dm,+1-767
62,"Dominican Republic",do,+1-809
63,"East Timor",tl,+670
64,Ecuador,ec,+593
65,Egypt,eg,+20
66,"El Salvador",sv,+503
67,"Equatorial Guinea",gq,+240
68,Eritrea,er,+291
69,Estonia,ee,+372
70,Ethiopia,et,+251
71,"Falkland Islands",fk,+00-16
72,"Faroe Islands",fo,+298
73,Fiji,fj,+679
74,Finland,fi,+358
75,France,fr,+33
76,"French Guiana",gf,+594
77,"French Polynesia",pf,+689
78,"French Southern Territories",tf,+00-01
79,Gabon,ga,+241
80,Gambia,gm,+220
81,Georgia,ge,+995
82,Germany,de,+49
83,Ghana,gh,+233
84,Gibraltar,gi,+350
85,Greece,gr,+30
86,Greenland,gl,+299
87,Grenada,gd,+1-473
88,Guadeloupe,gp,+590
89,Guam,gu,+1-671
90,Guatemala,gt,+502
91,Guinea,gn,+224
92,Guinea-Bissau,gw,+245
93,Guyana,gy,+592
94,Haiti,ht,+509
95,"Heard and McDonald Islands",hm,+00-13
96,Honduras,hn,+504
97,"Hong Kong",hk,+852
98,Hungary,hu,+36
99,Iceland,is,+354
100,India,in,+91
101,Indonesia,id,+62
102,Iran,ir,+98
103,Iraq,iq,+964
104,Ireland,ie,+353
105,Israel,il,+972
106,Italy,it,+39
107,Jamaica,jm,+1-876
108,Japan,jp,+81
109,Jordan,jo,+962
110,Kazakhstan,kz,+7-
111,Kenya,ke,+254
112,Kiribati,ki,+686
113,"Korea (north)",kr,+850
114,"Korea (south)",kp,+82
115,Kuwait,kw,+965
116,Kyrgyzstan,kg,+996
117,"Lao People`s Democratic Republic",la,+856
118,Latvia,lv,+371
119,Lebanon,lb,+961
120,Lesotho,ls,+266
121,Liberia,lr,+231
122,"Libyan Arab Jamahiriya",ly,+218
123,Liechtenstein,li,+423
124,Lithuania,lt,+370
125,Luxembourg,lu,+352
126,Macao,mo,+853
127,Macedonia,mk,+389
128,Madagascar,mg,+261
129,Malawi,mw,+265
130,Malaysia,my,+60
131,Maldives,mv,+960
132,Mali,ml,+223
133,Malta,mt,+356
134,"Marshall Islands",mh,+692
135,Martinique,mq,+596
136,Mauritania,mr,+222
137,Mauritius,mu,+230
138,Mayotte,yt,+00-15
139,Mexico,mx,+52
140,Micronesia,fm,+691
141,Moldova,md,+373
142,Monaco,mc,+377
143,Mongolia,mn,+976
144,Montenegro,me,+382
145,Montserrat,ms,+1-664
146,Morocco,ma,+212
147,Mozambique,mz,+258
148,Myanmar,mm,+95
149,Namibia,na,+264
150,Nauru,nr,+674
151,Nepal,np,+977
152,Netherlands,nl,+31
153,"Netherlands Antilles",bq,+00-05
154,"New Caledonia",nc,+687
155,"New Zealand",nz,+64
156,Nicaragua,ni,+505
157,Niger,ne,+227
158,Nigeria,ng,+234
159,Niue,nu,+683
160,"Norfolk Island",nf,+672
161,"Northern Mariana Islands",mp,+00-04
162,Norway,no,+47
163,Oman,om,+968
164,Pakistan,pk,+92
165,Palau,pw,+680
166,"Palestinian Territories",ps,+970
167,Panama,pa,+507
168,"Papua New Guinea",pg,+675
169,Paraguay,py,+595
170,Peru,pe,+51
171,Philippines,ph,+63
172,Pitcairn,pn,+00-14
173,Poland,pl,+48
174,Portugal,pt,+351
175,"Puerto Rico",pr,+1-787
176,Qatar,qa,+974
177,Réunion,re,+00-12
178,Romania,ro,+40
179,"Russian Federation",ru,+7
180,Rwanda,rw,+250
181,"Saint Helena",sh,+290
182,"Saint Kitts and Nevis",kn,+1-869
183,"Saint Lucia",lc,+1-758
184,"Saint Pierre and Miquelon",pm,+508
185,"Saint Vincent and the Grenadines",vc,+1-784
186,Samoa,ws,+685
187,"San Marino",sm,+378
188,"Sao Tome and Principe",st,+239
189,"Saudi Arabia",sa,+966
190,Senegal,sn,+221
191,Serbia,rs,+381
192,Seychelles,sc,+248
193,"Sierra Leone",sl,+232
194,Singapore,sg,+65
195,Slovakia,sk,+421
196,Slovenia,si,+386
197,"Solomon Islands",sb,+677
198,Somalia,so,+252
199,"South Africa",za,+27
200,"South Georgia and the South Sandwich Islands",gs,+00-11
201,"South Sudan",ss,+211
202,Spain,es,+34
203,"Sri Lanka",lk,+94
204,Sudan,sd,+249
205,Suriname,sr,+597
206,"Svalbard and Jan Mayen Islands",sj,+00-08
207,Swaziland,sz,+268
208,Sweden,se,+46
209,Switzerland,ch,+41
210,Syria,sy,+963
211,Taiwan,tw,+886
212,Tajikistan,tj,+992
213,Tanzania,tz,+255
214,Thailand,th,+66
215,Togo,tg,+228
216,Tokelau,tk,+690
217,Tonga,to,+676
218,"Trinidad and Tobago",tt,+1-868
219,Tunisia,tn,+216
220,Turkey,tr,+90
221,Turkmenistan,tm,+993
222,"Turks and Caicos Islands",tc,+1-649
223,Tuvalu,tv,+688
224,Uganda,ug,+256
225,Ukraine,ua,+380
226,"United Arab Emirates",ae,+971
227,"United Kingdom",gb,+44
228,"United States of America",us,+1
229,Uruguay,uy,+598
230,Uzbekistan,uz,+998
231,Vanuatu,vu,+678
232,"Vatican City",va,+379
233,Venezuela,ve,+58
234,Vietnam,vn,+84
235,"Virgin Islands (British)",vg,+1-284
236,"Virgin Islands (US)",vi,+1-340
237,"Wallis and Futuna Islands",wf,+681
238,"Western Sahara",eh,+292
239,Yemen,ye,+967
241,Zambia,zm,+260
242,Zimbabwe,zw,+263
